[
  { "name": "Palm Jumeirah", "countryCode": "AE" },
  { "name": "Yas Island", "countryCode": "AE" },
  { "name": "Saadiyat Island", "countryCode": "AE" },
  { "name": "Sir Bani Yas Island", "countryCode": "AE" },

  { "name": "Tasmania", "countryCode": "AU" },
  { "name": "Kangaroo Island", "countryCode": "AU" },
  { "name": "K'gari", "countryCode": "AU", "aliases": ["Fraser Island"] },
  { "name": "Whitsunday Island", "countryCode": "AU" },
  { "name": "Hamilton Island", "countryCode": "AU" },
  { "name": "Magnetic Island", "countryCode": "AU" },
  { "name": "Phillip Island", "countryCode": "AU" },
  { "name": "Rottnest Island", "countryCode": "AU" },
  { "name": "Lord Howe Island", "countryCode": "AU" },
  { "name": "Norfolk Island", "countryCode": "AU" },
  { "name": "Christmas Island (AU)", "countryCode": "AU" },
  { "name": "Cocos (Keeling) Islands", "countryCode": "AU" },
  { "name": "Tiwi Islands", "countryCode": "AU" },
  { "name": "Bruny Island", "countryCode": "AU" },

  { "name": "New Providence", "countryCode": "BS" },
  { "name": "Grand Bahama", "countryCode": "BS" },
  { "name": "Great Exuma", "countryCode": "BS" },
  { "name": "Andros", "countryCode": "BS" },
  { "name": "Eleuthera", "countryCode": "BS" },
  { "name": "Abaco", "countryCode": "BS" },
  { "name": "Harbour Island", "countryCode": "BS" },
  { "name": "Bimini", "countryCode": "BS" },
  { "name": "Cat Island (Bahamas)", "countryCode": "BS" },
  { "name": "Long Island (Bahamas)", "countryCode": "BS" },
  { "name": "San Salvador Island", "countryCode": "BS" },

  { "name": "Muharraq Island", "countryCode": "BH" },
  { "name": "Hawar Islands", "countryCode": "BH" },

  { "name": "Fernando de Noronha", "countryCode": "BR" },
  { "name": "Ilha Grande", "countryCode": "BR" },
  { "name": "Ilhabela", "countryCode": "BR" },
  { "name": "Santa Catarina Island", "countryCode": "BR" },
  { "name": "Marajo Island", "countryCode": "BR" },

  { "name": "Ambergris Caye", "countryCode": "BZ" },
  { "name": "Caye Caulker", "countryCode": "BZ" },
  { "name": "Tobacco Caye", "countryCode": "BZ" },

  { "name": "Vancouver Island", "countryCode": "CA" },
  { "name": "Newfoundland", "countryCode": "CA" },
  { "name": "Prince Edward Island", "countryCode": "CA" },
  { "name": "Cape Breton Island", "countryCode": "CA" },
  { "name": "Baffin Island", "countryCode": "CA" },
  { "name": "Manitoulin Island", "countryCode": "CA" },

  { "name": "Easter Island (Rapa Nui)", "countryCode": "CL", "aliases": ["Rapa Nui", "Easter Island"] },
  { "name": "Chiloe Island", "countryCode": "CL" },
  { "name": "Robinson Crusoe Island", "countryCode": "CL" },

  { "name": "Hainan", "countryCode": "CN" },
  { "name": "Hong Kong Island", "countryCode": "CN" },
  { "name": "Lantau Island", "countryCode": "CN" },

  { "name": "San Andres", "countryCode": "CO" },
  { "name": "Providencia", "countryCode": "CO" },
  { "name": "Baru Island", "countryCode": "CO" },
  { "name": "Rosario Islands", "countryCode": "CO" },

  { "name": "Isla Tortuga", "countryCode": "CR" },
  { "name": "Cocos Island (Costa Rica)", "countryCode": "CR" },

  { "name": "Isla de la Juventud", "countryCode": "CU" },
  { "name": "Cayo Coco", "countryCode": "CU" },
  { "name": "Cayo Guillermo", "countryCode": "CU" },
  { "name": "Cayo Santa Maria", "countryCode": "CU" },

  { "name": "Sal", "countryCode": "CV" },
  { "name": "Boa Vista", "countryCode": "CV" },
  { "name": "Santiago (Cape Verde)", "countryCode": "CV" },
  { "name": "Sao Vicente", "countryCode": "CV" },
  { "name": "Santo Antao", "countryCode": "CV" },
  { "name": "Fogo", "countryCode": "CV" },
  { "name": "Maio", "countryCode": "CV" },

  { "name": "Bornholm", "countryCode": "DK" },
  { "name": "Zealand", "countryCode": "DK" },
  { "name": "Funen", "countryCode": "DK" },

  { "name": "Saona Island", "countryCode": "DO" },
  { "name": "Catalina Island (Dominican Republic)", "countryCode": "DO" },

  { "name": "Isabela Island (Galapagos)", "countryCode": "EC" },
  { "name": "Santa Cruz Island (Galapagos)", "countryCode": "EC" },
  { "name": "San Cristobal Island (Galapagos)", "countryCode": "EC" },
  { "name": "Floreana Island", "countryCode": "EC" },
  { "name": "Baltra Island", "countryCode": "EC" },

  { "name": "Mallorca", "countryCode": "ES", "aliases": ["Majorca"] },
  { "name": "Menorca", "countryCode": "ES" },
  { "name": "Ibiza", "countryCode": "ES" },
  { "name": "Formentera", "countryCode": "ES" },
  { "name": "Tenerife", "countryCode": "ES" },
  { "name": "Gran Canaria", "countryCode": "ES" },
  { "name": "Lanzarote", "countryCode": "ES" },
  { "name": "Fuerteventura", "countryCode": "ES" },
  { "name": "La Palma", "countryCode": "ES" },
  { "name": "La Gomera", "countryCode": "ES" },
  { "name": "El Hierro", "countryCode": "ES" },

  { "name": "Viti Levu", "countryCode": "FJ" },
  { "name": "Vanua Levu", "countryCode": "FJ" },
  { "name": "Taveuni", "countryCode": "FJ" },
  { "name": "Yasawa Islands", "countryCode": "FJ" },
  { "name": "Mamanuca Islands", "countryCode": "FJ" },
  { "name": "Kadavu", "countryCode": "FJ" },

  { "name": "Aland Islands", "countryCode": "FI" },

  { "name": "Corsica", "countryCode": "FR" },
  { "name": "Reunion", "countryCode": "FR" },
  { "name": "Guadeloupe", "countryCode": "FR" },
  { "name": "Martinique", "countryCode": "FR" },
  { "name": "Saint Martin", "countryCode": "FR" },
  { "name": "Tahiti", "countryCode": "FR" },
  { "name": "Bora Bora", "countryCode": "FR" },
  { "name": "Moorea", "countryCode": "FR" },
  { "name": "Raiatea", "countryCode": "FR" },
  { "name": "Huahine", "countryCode": "FR" },
  { "name": "Rangiroa", "countryCode": "FR" },
  { "name": "Tikehau", "countryCode": "FR" },
  { "name": "Grande Terre (New Caledonia)", "countryCode": "FR" },
  { "name": "Lifou", "countryCode": "FR" },
  { "name": "Isle of Pines", "countryCode": "FR" },

  { "name": "Isle of Skye", "countryCode": "GB" },
  { "name": "Isle of Mull", "countryCode": "GB" },
  { "name": "Isle of Islay", "countryCode": "GB" },
  { "name": "Isle of Arran", "countryCode": "GB" },
  { "name": "Isle of Wight", "countryCode": "GB" },
  { "name": "Anglesey", "countryCode": "GB" },
  { "name": "Lewis and Harris", "countryCode": "GB" },
  { "name": "Orkney Mainland", "countryCode": "GB" },
  { "name": "Shetland Mainland", "countryCode": "GB" },

  { "name": "Crete", "countryCode": "GR", "aliases": ["Kreta"] },
  { "name": "Rhodes", "countryCode": "GR" },
  { "name": "Corfu", "countryCode": "GR", "aliases": ["Kerkyra"] },
  { "name": "Kos", "countryCode": "GR" },
  { "name": "Santorini", "countryCode": "GR", "aliases": ["Thira"] },
  { "name": "Mykonos", "countryCode": "GR" },
  { "name": "Naxos", "countryCode": "GR" },
  { "name": "Paros", "countryCode": "GR" },
  { "name": "Milos", "countryCode": "GR" },
  { "name": "Zakynthos", "countryCode": "GR", "aliases": ["Zante"] },
  { "name": "Kefalonia", "countryCode": "GR", "aliases": ["Cephalonia"] },
  { "name": "Lefkada", "countryCode": "GR" },
  { "name": "Samos", "countryCode": "GR" },
  { "name": "Chios", "countryCode": "GR" },
  { "name": "Lesbos", "countryCode": "GR" },
  { "name": "Skiathos", "countryCode": "GR" },
  { "name": "Skopelos", "countryCode": "GR" },
  { "name": "Hydra", "countryCode": "GR" },
  { "name": "Aegina", "countryCode": "GR" },
  { "name": "Ios", "countryCode": "GR" },

  { "name": "Roatan", "countryCode": "HN" },
  { "name": "Utila", "countryCode": "HN" },
  { "name": "Guanaja", "countryCode": "HN" },

  { "name": "Hvar", "countryCode": "HR" },
  { "name": "Brac", "countryCode": "HR" },
  { "name": "Korcula", "countryCode": "HR" },
  { "name": "Vis", "countryCode": "HR" },
  { "name": "Krk", "countryCode": "HR" },
  { "name": "Cres", "countryCode": "HR" },
  { "name": "Pag", "countryCode": "HR" },
  { "name": "Mljet", "countryCode": "HR" },
  { "name": "Rab", "countryCode": "HR" },

  { "name": "Bali", "countryCode": "ID" },
  { "name": "Lombok", "countryCode": "ID" },
  { "name": "Gili Trawangan", "countryCode": "ID" },
  { "name": "Gili Air", "countryCode": "ID" },
  { "name": "Gili Meno", "countryCode": "ID" },
  { "name": "Nusa Penida", "countryCode": "ID" },
  { "name": "Nusa Lembongan", "countryCode": "ID" },
  { "name": "Nusa Ceningan", "countryCode": "ID" },
  { "name": "Java", "countryCode": "ID" },
  { "name": "Sumatra", "countryCode": "ID" },
  { "name": "Sulawesi", "countryCode": "ID" },
  { "name": "Borneo (Kalimantan)", "countryCode": "ID", "aliases": ["Kalimantan"] },
  { "name": "Flores (Indonesia)", "countryCode": "ID" },
  { "name": "Komodo", "countryCode": "ID" },
  { "name": "Rinca", "countryCode": "ID" },
  { "name": "Sumba", "countryCode": "ID" },
  { "name": "Sumbawa", "countryCode": "ID" },
  { "name": "Timor (Indonesia)", "countryCode": "ID" },
  { "name": "Seram", "countryCode": "ID" },
  { "name": "Ambon", "countryCode": "ID" },
  { "name": "Bintan", "countryCode": "ID" },
  { "name": "Batam", "countryCode": "ID" },
  { "name": "Belitung", "countryCode": "ID" },
  { "name": "Bangka", "countryCode": "ID" },
  { "name": "Weh Island", "countryCode": "ID" },
  { "name": "Nias", "countryCode": "ID" },
  { "name": "Mentawai Islands", "countryCode": "ID" },
  { "name": "Raja Ampat", "countryCode": "ID" },
  { "name": "Misool", "countryCode": "ID" },
  { "name": "Waigeo", "countryCode": "ID" },
  { "name": "Kri Island", "countryCode": "ID" },
  { "name": "Biak", "countryCode": "ID" },
  { "name": "Karimunjawa", "countryCode": "ID" },
  { "name": "Alor", "countryCode": "ID" },
  { "name": "Bunaken", "countryCode": "ID" },

  { "name": "Achill Island", "countryCode": "IE" },
  { "name": "Inis Mor", "countryCode": "IE" },
  { "name": "Inis Meain", "countryCode": "IE" },
  { "name": "Inis Oirr", "countryCode": "IE" },

  { "name": "Andaman Islands", "countryCode": "IN" },
  { "name": "Nicobar Islands", "countryCode": "IN" },
  { "name": "Havelock Island", "countryCode": "IN", "aliases": ["Swaraj Dweep"] },
  { "name": "Neil Island", "countryCode": "IN", "aliases": ["Shaheed Dweep"] },
  { "name": "Little Andaman", "countryCode": "IN" },
  { "name": "Lakshadweep", "countryCode": "IN" },
  { "name": "Minicoy", "countryCode": "IN" },
  { "name": "Agatti", "countryCode": "IN" },
  { "name": "Bangaram", "countryCode": "IN" },
  { "name": "Kadmat", "countryCode": "IN" },
  { "name": "Diu Island", "countryCode": "IN" },
  { "name": "Majuli", "countryCode": "IN" },

  { "name": "Kish Island", "countryCode": "IR" },
  { "name": "Qeshm Island", "countryCode": "IR" },
  { "name": "Hormuz Island", "countryCode": "IR" },

  { "name": "Sicily", "countryCode": "IT", "aliases": ["Sicilia"] },
  { "name": "Sardinia", "countryCode": "IT", "aliases": ["Sardegna"] },
  { "name": "Capri", "countryCode": "IT" },
  { "name": "Ischia", "countryCode": "IT" },
  { "name": "Procida", "countryCode": "IT" },
  { "name": "Elba", "countryCode": "IT" },
  { "name": "Lampedusa", "countryCode": "IT" },
  { "name": "Pantelleria", "countryCode": "IT" },
  { "name": "Lipari", "countryCode": "IT" },
  { "name": "Stromboli", "countryCode": "IT" },
  { "name": "Vulcano", "countryCode": "IT" },
  { "name": "Salina", "countryCode": "IT" },
  { "name": "Favignana", "countryCode": "IT" },

  { "name": "Hokkaido", "countryCode": "JP" },
  { "name": "Honshu", "countryCode": "JP" },
  { "name": "Shikoku", "countryCode": "JP" },
  { "name": "Kyushu", "countryCode": "JP" },
  { "name": "Okinawa", "countryCode": "JP" },
  { "name": "Ishigaki", "countryCode": "JP" },
  { "name": "Iriomote", "countryCode": "JP" },
  { "name": "Miyakojima", "countryCode": "JP" },
  { "name": "Yakushima", "countryCode": "JP" },
  { "name": "Amami Oshima", "countryCode": "JP" },
  { "name": "Sado", "countryCode": "JP" },
  { "name": "Naoshima", "countryCode": "JP" },
  { "name": "Tsushima", "countryCode": "JP" },

  { "name": "Koh Rong", "countryCode": "KH" },
  { "name": "Koh Rong Samloem", "countryCode": "KH", "aliases": ["Koh Rong Sanloem"] },
  { "name": "Koh Tonsay", "countryCode": "KH" },
  { "name": "Koh Sdach", "countryCode": "KH" },

  { "name": "Tarawa", "countryCode": "KI" },
  { "name": "Kiritimati", "countryCode": "KI", "aliases": ["Christmas Island (Kiribati)"] },

  { "name": "Jeju Island", "countryCode": "KR", "aliases": ["Jeju"] },
  { "name": "Ulleungdo", "countryCode": "KR" },

  { "name": "Nosy Be", "countryCode": "MG" },
  { "name": "Sainte Marie Island", "countryCode": "MG" },
  { "name": "Nosy Komba", "countryCode": "MG" },

  { "name": "Majuro Atoll", "countryCode": "MH" },
  { "name": "Kwajalein Atoll", "countryCode": "MH" },

  { "name": "Gozo", "countryCode": "MT" },
  { "name": "Comino", "countryCode": "MT" },

  { "name": "Mauritius Island", "countryCode": "MU" },
  { "name": "Rodrigues", "countryCode": "MU" },
  { "name": "Ile aux Cerfs", "countryCode": "MU" },

  { "name": "Male Island", "countryCode": "MV" },
  { "name": "Maafushi", "countryCode": "MV" },
  { "name": "Thulusdhoo", "countryCode": "MV" },
  { "name": "Fulidhoo", "countryCode": "MV" },
  { "name": "Dhigurah", "countryCode": "MV" },
  { "name": "Baa Atoll", "countryCode": "MV" },
  { "name": "Ari Atoll", "countryCode": "MV" },

  { "name": "Penang", "countryCode": "MY" },
  { "name": "Langkawi", "countryCode": "MY" },
  { "name": "Tioman", "countryCode": "MY" },
  { "name": "Redang", "countryCode": "MY" },
  { "name": "Perhentian Kecil", "countryCode": "MY" },
  { "name": "Perhentian Besar", "countryCode": "MY" },
  { "name": "Pangkor", "countryCode": "MY" },
  { "name": "Labuan", "countryCode": "MY" },
  { "name": "Sipadan", "countryCode": "MY" },
  { "name": "Mabul", "countryCode": "MY" },
  { "name": "Mataking", "countryCode": "MY" },

  { "name": "Bazaruto Island", "countryCode": "MZ" },
  { "name": "Benguerra Island", "countryCode": "MZ" },
  { "name": "Ilha de Mocambique", "countryCode": "MZ" },
  { "name": "Ibo Island", "countryCode": "MZ" },

  { "name": "Ometepe", "countryCode": "NI" },
  { "name": "Big Corn Island", "countryCode": "NI" },
  { "name": "Little Corn Island", "countryCode": "NI" },

  { "name": "Texel", "countryCode": "NL" },
  { "name": "Terschelling", "countryCode": "NL" },
  { "name": "Bonaire", "countryCode": "NL" },
  { "name": "Curacao", "countryCode": "NL", "aliases": ["Curacao"] },
  { "name": "Aruba", "countryCode": "NL" },
  { "name": "Sint Maarten", "countryCode": "NL" },

  { "name": "Svalbard", "countryCode": "NO" },
  { "name": "Senja", "countryCode": "NO" },
  { "name": "Lofoten Islands", "countryCode": "NO", "aliases": ["Lofoten"] },

  { "name": "North Island (New Zealand)", "countryCode": "NZ" },
  { "name": "South Island (New Zealand)", "countryCode": "NZ" },
  { "name": "Stewart Island", "countryCode": "NZ" },
  { "name": "Waiheke Island", "countryCode": "NZ" },
  { "name": "Great Barrier Island", "countryCode": "NZ" },
  { "name": "Chatham Island", "countryCode": "NZ" },

  { "name": "Colon Island", "countryCode": "PA" },
  { "name": "Bastimentos", "countryCode": "PA" },
  { "name": "Coiba Island", "countryCode": "PA" },
  { "name": "Contadora Island", "countryCode": "PA" },
  { "name": "San Blas Islands", "countryCode": "PA", "aliases": ["Guna Yala Islands"] },

  { "name": "New Britain", "countryCode": "PG" },
  { "name": "New Ireland", "countryCode": "PG" },
  { "name": "Bougainville Island", "countryCode": "PG" },
  { "name": "Manus Island", "countryCode": "PG" },

  { "name": "Luzon", "countryCode": "PH" },
  { "name": "Palawan", "countryCode": "PH" },
  { "name": "Boracay", "countryCode": "PH" },
  { "name": "Cebu", "countryCode": "PH" },
  { "name": "Bohol", "countryCode": "PH" },
  { "name": "Siargao", "countryCode": "PH" },
  { "name": "Coron Island", "countryCode": "PH" },
  { "name": "Busuanga", "countryCode": "PH" },
  { "name": "Camiguin", "countryCode": "PH" },
  { "name": "Mindoro", "countryCode": "PH" },
  { "name": "Negros", "countryCode": "PH" },
  { "name": "Panay", "countryCode": "PH" },
  { "name": "Samar", "countryCode": "PH" },
  { "name": "Leyte", "countryCode": "PH" },
  { "name": "Bantayan", "countryCode": "PH" },
  { "name": "Malapascua", "countryCode": "PH" },
  { "name": "Siquijor", "countryCode": "PH" },
  { "name": "Catanduanes", "countryCode": "PH" },
  { "name": "Dinagat Islands", "countryCode": "PH" },

  { "name": "Astola Island", "countryCode": "PK" },

  { "name": "Madeira", "countryCode": "PT" },
  { "name": "Porto Santo", "countryCode": "PT" },
  { "name": "Sao Miguel", "countryCode": "PT" },
  { "name": "Terceira", "countryCode": "PT" },
  { "name": "Pico", "countryCode": "PT" },
  { "name": "Faial", "countryCode": "PT" },
  { "name": "Flores (Azores)", "countryCode": "PT" },
  { "name": "Sao Jorge", "countryCode": "PT" },
  { "name": "Graciosa", "countryCode": "PT" },
  { "name": "Santa Maria (Azores)", "countryCode": "PT" },

  { "name": "Babeldaob", "countryCode": "PW" },
  { "name": "Koror Island", "countryCode": "PW" },
  { "name": "Peleliu", "countryCode": "PW" },

  { "name": "Sakhalin", "countryCode": "RU" },
  { "name": "Iturup", "countryCode": "RU" },
  { "name": "Kunashir", "countryCode": "RU" },

  { "name": "Farasan Islands", "countryCode": "SA" },

  { "name": "Guadalcanal", "countryCode": "SB" },
  { "name": "Malaita", "countryCode": "SB" },
  { "name": "Gizo Island", "countryCode": "SB" },

  { "name": "Mahe", "countryCode": "SC" },
  { "name": "Praslin", "countryCode": "SC" },
  { "name": "La Digue", "countryCode": "SC" },
  { "name": "Silhouette Island", "countryCode": "SC" },
  { "name": "Denis Island", "countryCode": "SC" },
  { "name": "Bird Island", "countryCode": "SC" },

  { "name": "Gotland", "countryCode": "SE" },
  { "name": "Oland", "countryCode": "SE", "aliases": ["Oland"] },

  { "name": "Sentosa", "countryCode": "SG" },

  { "name": "Phuket", "countryCode": "TH" },
  { "name": "Koh Samui", "countryCode": "TH" },
  { "name": "Koh Phangan", "countryCode": "TH", "aliases": ["Ko Pha Ngan"] },
  { "name": "Koh Tao", "countryCode": "TH" },
  { "name": "Koh Lanta", "countryCode": "TH" },
  { "name": "Koh Phi Phi Don", "countryCode": "TH" },
  { "name": "Koh Phi Phi Leh", "countryCode": "TH" },
  { "name": "Koh Chang", "countryCode": "TH" },
  { "name": "Koh Lipe", "countryCode": "TH" },
  { "name": "Koh Kood", "countryCode": "TH" },
  { "name": "Koh Mak", "countryCode": "TH" },
  { "name": "Koh Yao Yai", "countryCode": "TH" },
  { "name": "Koh Yao Noi", "countryCode": "TH" },
  { "name": "Koh Samet", "countryCode": "TH" },
  { "name": "Koh Mook", "countryCode": "TH" },
  { "name": "Koh Kradan", "countryCode": "TH" },
  { "name": "Koh Jum", "countryCode": "TH" },

  { "name": "Djerba", "countryCode": "TN" },

  { "name": "Tongatapu", "countryCode": "TO" },
  { "name": "Vavau Islands", "countryCode": "TO", "aliases": ["Vava'u"] },
  { "name": "Haapai Islands", "countryCode": "TO", "aliases": ["Ha'apai"] },

  { "name": "Buyukada", "countryCode": "TR", "aliases": ["Buyukada"] },
  { "name": "Bozcaada", "countryCode": "TR" },
  { "name": "Gokceada", "countryCode": "TR", "aliases": ["Gokceada"] },

  { "name": "Tobago", "countryCode": "TT" },

  { "name": "Penghu", "countryCode": "TW" },
  { "name": "Green Island (Taiwan)", "countryCode": "TW" },
  { "name": "Orchid Island", "countryCode": "TW" },
  { "name": "Kinmen", "countryCode": "TW" },
  { "name": "Matsu Islands", "countryCode": "TW" },

  { "name": "Zanzibar", "countryCode": "TZ", "aliases": ["Unguja"] },
  { "name": "Pemba Island (Tanzania)", "countryCode": "TZ" },
  { "name": "Mafia Island", "countryCode": "TZ" },
  { "name": "Chumbe Island", "countryCode": "TZ" },
  { "name": "Mnemba Island", "countryCode": "TZ" },

  { "name": "Hawaii (Big Island)", "countryCode": "US", "aliases": ["Big Island"] },
  { "name": "Oahu", "countryCode": "US" },
  { "name": "Maui", "countryCode": "US" },
  { "name": "Kauai", "countryCode": "US" },
  { "name": "Molokai", "countryCode": "US" },
  { "name": "Lanai", "countryCode": "US" },
  { "name": "Puerto Rico", "countryCode": "US" },
  { "name": "Vieques", "countryCode": "US" },
  { "name": "Culebra", "countryCode": "US" },
  { "name": "Key West", "countryCode": "US" },
  { "name": "Long Island (New York)", "countryCode": "US", "aliases": ["Long Island"] },
  { "name": "Nantucket", "countryCode": "US" },
  { "name": "Martha's Vineyard", "countryCode": "US" },
  { "name": "Catalina Island (California)", "countryCode": "US", "aliases": ["Catalina Island"] },
  { "name": "San Juan Island (Washington)", "countryCode": "US" },
  { "name": "Amelia Island", "countryCode": "US" },

  { "name": "Margarita Island", "countryCode": "VE" },
  { "name": "Coche Island", "countryCode": "VE" },
  { "name": "Los Roques", "countryCode": "VE" },

  { "name": "Phu Quoc", "countryCode": "VN" },
  { "name": "Cat Ba Island", "countryCode": "VN" },
  { "name": "Con Son Island", "countryCode": "VN" },
  { "name": "Ly Son Island", "countryCode": "VN" },
  { "name": "Hon Tre Island", "countryCode": "VN" },
  { "name": "Cham Islands", "countryCode": "VN" },

  { "name": "Efate", "countryCode": "VU" },
  { "name": "Espiritu Santo", "countryCode": "VU" },
  { "name": "Tanna", "countryCode": "VU" },

  { "name": "Upolu", "countryCode": "WS" },
  { "name": "Savaii", "countryCode": "WS", "aliases": ["Savai'i"] },

  { "name": "Socotra", "countryCode": "YE" }
]
